{
  "rackMaterial":{
    "attach":false,
    "selected":false,
    "rfid":2,
    "editStatus":1,
    "filamentId":"101001",
    "color":"#0C12E1F",
    "brand":"Creality",
    "name":"Hyper PLA",
    "materialType":"PLA",
    "minTemp":190,
    "maxTemp":240,
    "pressure":"0.04",
    "maxVSpeed":"23"
  },
  "Material":[
    {
      "boxID":"T1",
      "state":"connect",
      "list":[
        {
          "rfid":2,
          "remainLen":"54",
          "editStatus":0,
          "filamentId":"101001",
          "color":"#0FFFFFF",
          "brand":"Creality",
          "name":"Hyper PLA",
          "materialType":"PLA",
          "minTemp":190,
          "maxTemp":240,
          "pressure":"0.04"
        },
        {
          "rfid":2,
          "remainLen":"49",
          "editStatus":0,
          "filamentId":"101001",
          "color":"#0C12E1F",
          "brand":"Creality",
          "name":"Hyper PLA",
          "materialType":"PLA",
          "minTemp":190,
          "maxTemp":240,
          "pressure":"0.04"
        },
        {
          "rfid":2,
          "remainLen":"48",
          "editStatus":0,
          "filamentId":"101001",
          "color":"#0000000",
          "brand":"Creality",
          "name":"Hyper PLA",
          "materialType":"PLA",
          "minTemp":190,
          "maxTemp":240,
          "pressure":"0.04"
        },
        {
          "rfid":2,
          "remainLen":"52",
          "editStatus":0,
          "filamentId":"101001",
          "color":"#0C12E1F",
          "brand":"Creality",
          "name":"Hyper PLA",
          "materialType":"PLA",
          "minTemp":190,
          "maxTemp":240,
          "pressure":"0.04"
        }
      ]
    },
    {
      "boxID":"T2",
      "state":"None",
      "list":[
        {
          "rfid":0,
          "remainLen":"",
          "editStatus":0,
          "filamentId":"",
          "color":"",
          "brand":"",
          "name":"",
          "materialType":"",
          "minTemp":0,
          "maxTemp":0,
          "pressure":""
        },
        {
          "rfid":0,
          "remainLen":"",
          "editStatus":0,
          "filamentId":"",
          "color":"",
          "brand":"",
          "name":"",
          "materialType":"",
          "minTemp":0,
          "maxTemp":0,
          "pressure":""
        },
        {
          "rfid":0,
          "remainLen":"",
          "editStatus":0,
          "filamentId":"",
          "color":"",
          "brand":"",
          "name":"",
          "materialType":"",
          "minTemp":0,
          "maxTemp":0,
          "pressure":""
        },
        {
          "rfid":0,
          "remainLen":"",
          "editStatus":0,
          "filamentId":"",
          "color":"",
          "brand":"",
          "name":"",
          "materialType":"",
          "minTemp":0,
          "maxTemp":0,
          "pressure":""
        }
      ]
    },
    {
      "boxID":"T3",
      "state":"None",
      "list":[
        {
          "rfid":0,
          "remainLen":"",
          "editStatus":0,
          "filamentId":"",
          "color":"",
          "brand":"",
          "name":"",
          "materialType":"",
          "minTemp":0,
          "maxTemp":0,
          "pressure":""
        },
        {
          "rfid":0,
          "remainLen":"",
          "editStatus":0,
          "filamentId":"",
          "color":"",
          "brand":"",
          "name":"",
          "materialType":"",
          "minTemp":0,
          "maxTemp":0,
          "pressure":""
        },
        {
          "rfid":0,
          "remainLen":"",
          "editStatus":0,
          "filamentId":"",
          "color":"",
          "brand":"",
          "name":"",
          "materialType":"",
          "minTemp":0,
          "maxTemp":0,
          "pressure":""
        },
        {
          "rfid":0,
          "remainLen":"",
          "editStatus":0,
          "filamentId":"",
          "color":"",
          "brand":"",
          "name":"",
          "materialType":"",
          "minTemp":0,
          "maxTemp":0,
          "pressure":""
        }
      ]
    },
    {
      "boxID":"T4",
      "state":"None",
      "list":[
        {
          "rfid":0,
          "remainLen":"",
          "editStatus":0,
          "filamentId":"",
          "color":"",
          "brand":"",
          "name":"",
          "materialType":"",
          "minTemp":0,
          "maxTemp":0,
          "pressure":""
        },
        {
          "rfid":0,
          "remainLen":"",
          "editStatus":0,
          "filamentId":"",
          "color":"",
          "brand":"",
          "name":"",
          "materialType":"",
          "minTemp":0,
          "maxTemp":0,
          "pressure":""
        },
        {
          "rfid":0,
          "remainLen":"",
          "editStatus":0,
          "filamentId":"",
          "color":"",
          "brand":"",
          "name":"",
          "materialType":"",
          "minTemp":0,
          "maxTemp":0,
          "pressure":""
        },
        {
          "rfid":0,
          "remainLen":"",
          "editStatus":0,
          "filamentId":"",
          "color":"",
          "brand":"",
          "name":"",
          "materialType":"",
          "minTemp":0,
          "maxTemp":0,
          "pressure":""
        }
      ]
    }
  ]
}