{
  "rackMaterial":{
    "attach":false,
    "selected":false,
    "rfid":2,
    "editStatus":1,
    "filamentId":"101001",
    "color":"#0C12E1F",
    "brand":"Creality",
    "name":"Hyper PLA",
    "materialType":"PLA",
    "minTemp":190,
    "maxTemp":240,
    "pressure":"0.04",
    "maxVSpeed":"23"
  },
  "Material":{
    "state":"connect",
    "filament":1,
    "auto_refill":1,
    "same_material":[
      [
        "101001",
        "0FFFFFF",
        [
          "T1A"
        ],
        "PLA"
      ],
      [
        "101001",
        "0C12E1F",
        [
          "T1B",
          "T1D"
        ],
        "PLA"
      ],
      [
        "101001",
        "0000000",
        [
          "T1C"
        ],
        "PLA"
      ]
    ],
    "enable":1,
    "info":[
      {
        "boxID":"T1",
        "state":"connect",
        "filament":"None",
        "temperature":"27",
        "dry_and_humidity":"39",
        "version":"1.1.2",
        "sn":"0",
        "uuid":[],
        "list":[
          {
            "materialId":"A",
            "state":0,
            "remainLen":"54",
            "filamentId":"101001",
            "brand":"Creality",
            "name":"Hyper PLA",
            "materialType":"PLA",
            "density":1.24,
            "diameter":"1.75",
            "minTemp":190,
            "maxTemp":240,
            "pressure":"0.04",
            "maxVSpeed":"23",
            "venderId":"0276",
            "color":"#0FFFFFF",
            "filamentLen":"0165",
            "serialNum":"000001",
            "reserve":"000000",
            "rfid":2,
            "editStatus":0
          },
          {
            "materialId":"B",
            "state":0,
            "remainLen":"49",
            "filamentId":"101001",
            "brand":"Creality",
            "name":"Hyper PLA",
            "materialType":"PLA",
            "density":1.24,
            "diameter":"1.75",
            "minTemp":190,
            "maxTemp":240,
            "pressure":"0.04",
            "maxVSpeed":"23",
            "venderId":"0276",
            "color":"#0C12E1F",
            "filamentLen":"0165",
            "serialNum":"000001",
            "reserve":"000000",
            "rfid":2,
            "editStatus":0
          },
          {
            "materialId":"C",
            "state":0,
            "remainLen":"48",
            "filamentId":"101001",
            "brand":"Creality",
            "name":"Hyper PLA",
            "materialType":"PLA",
            "density":1.24,
            "diameter":"1.75",
            "minTemp":190,
            "maxTemp":240,
            "pressure":"0.04",
            "maxVSpeed":"23",
            "venderId":"0276",
            "color":"#0000000",
            "filamentLen":"0165",
            "serialNum":"000001",
            "reserve":"000000",
            "rfid":2,
            "editStatus":0
          },
          {
            "materialId":"D",
            "state":0,
            "remainLen":"52",
            "filamentId":"101001",
            "brand":"Creality",
            "name":"Hyper PLA",
            "materialType":"PLA",
            "density":1.24,
            "diameter":"1.75",
            "minTemp":190,
            "maxTemp":240,
            "pressure":"0.04",
            "maxVSpeed":"23",
            "venderId":"0276",
            "color":"#0C12E1F",
            "filamentLen":"0165",
            "serialNum":"000001",
            "reserve":"000000",
            "rfid":2,
            "editStatus":0
          }
        ]
      }
    ]
  }
}