{"base_data": {"T1": {"vender": ["AB1240276A21010010FFFFFF0165000001000000", "AB1240276A21010010C12E1F0165000001000000", "9A2240276A210100100000000165000001000000", "AB1240276A21010010C12E1F0165000001000000"], "remain_len": ["54", "49", "48", "52"], "color_value": ["0FFFFFF", "0C12E1F", "0000000", "0C12E1F"], "material_type": ["101001", "101001", "101001", "101001"]}, "T2": {"vender": ["-1", "-1", "-1", "-1"], "remain_len": ["-1", "-1", "-1", "-1"], "color_value": ["-1", "-1", "-1", "-1"], "material_type": ["-1", "-1", "-1", "-1"]}, "T3": {"vender": ["-1", "-1", "-1", "-1"], "remain_len": ["-1", "-1", "-1", "-1"], "color_value": ["-1", "-1", "-1", "-1"], "material_type": ["-1", "-1", "-1", "-1"]}, "T4": {"vender": ["-1", "-1", "-1", "-1"], "remain_len": ["-1", "-1", "-1", "-1"], "color_value": ["-1", "-1", "-1", "-1"], "material_type": ["-1", "-1", "-1", "-1"]}}, "remain_material": {"color": "0000000", "type": "000007"}, "enable": 1}